model,MAE,MAPE,sMAPE,DirAcc
Naive (delta=0),0.002597537029897348,1.0,1.9839845757403336,0.008004416229643941
Random Walk,0.004297045616516843,5.569259626069039,1.4742415020280775,0.5117306099917196
SMA(21) delta,0.0026984467155804874,1.5222454060158868,1.5687663777456078,0.5
Mean Reversion,0.0037568920450414206,3.6328484090367765,1.4277532531156525,0.5229155162893429
GAN (LSTM),0.018083341419696808,3.497058391571045,1.4625896215438843,0.4837995015231238
