model,MAE,MAPE,sMAPE,DirAcc
Naive (delta=0),0.000759455065542929,1.0,1.9417498608897985,0.029116323146173892
Random Walk,0.0013124772421950874,4.717635486622638,1.501717174548021,0.4847903340440654
SMA(21) delta,0.0007874860499858216,1.2354492500545642,1.6322415132442885,0.4713313896987366
Mean Reversion,0.0010622385135029787,2.807701130391367,1.41730980539235,0.5027837664952972
GAN (TST),0.004000777378678322,1.0150766372680664,1.7513235807418823,0.48784302573581684
